"Data Source","Показатели мирового развития",

"Last Updated Date","2019-09-27",

"Country Name","Country Code","Indicator Name","Indicator Code","1960","1961","1962","1963","1964","1965","1966","1967","1968","1969","1970","1971","1972","1973","1974","1975","1976","1977","1978","1979","1980","1981","1982","1983","1984","1985","1986","1987","1988","1989","1990","1991","1992","1993","1994","1995","1996","1997","1998","1999","2000","2001","2002","2003","2004","2005","2006","2007","2008","2009","2010","2011","2012","2013","2014","2015","2016","2017","2018",
"Российская Федерация","RUS","Экспорт высоких технологий (в % от экспорта продукции обрабатывающей промышленности)","TX.VAL.TECH.MF.ZS","","","","","","","","","","","","","","","","","","","","","","","","","","","","","","","","","","","","","","","","","","","","","","","","7.30874381939752","7.06634980534008","9.77723602131809","9.59270166044477","8.510197804617","9.20482695351151","10.7620097615829","12.1956316954322","16.4127453432615","11.3239253634054","12.4723601353606","10.9630081335298",
"Российская Федерация","RUS","Индекс чистых бартерных условий торговли (2000 = 100)","TT.PRI.MRCH.XD.WD","","","","","","","","","","","","","","","","","","","","","","","","","","","","","","","","","","","","","","","","","100","96.02388493","93.34105725","100.8442654","114.65668","138.2012705","157.3775233","164.6047947","197.9666594","131.9108471","159.6678985","194.4992091","203.0947548","189.6211515","182.0903726","138.5003424","127.3568336","144.0910861","168.8628627",
"Российская Федерация","RUS","Торговля товарами (в % ВВП)","TG.VAL.TOTL.GD.ZS","","","","","","","","","","","","","","","","","","","","","","","","","","","","","","","","","17.9834234613361","18.4865572852895","29.824796217765","36.6645678915293","40.2775018202532","39.2360186534638","48.8858895362567","58.7462033509263","57.7162673479005","50.7654758120191","48.7066197313143","49.262251234352","47.4756473708528","48.3277136253886","47.2590732399381","44.4630635363875","45.9685498724113","40.5016411730784","42.5769927511613","41.2271665832037","39.1222382292979","37.5732212277501","39.0626304928004","39.1933269856121","36.8904802489693","37.4803612064242","41.812399355698",
"Российская Федерация","RUS","Численность населения, общая","SP.POP.TOTL","119897000","121236000","122591000","123960000","125345000","126745000","127468000","128196000","128928000","129664000","130404000","131155000","131909000","132669000","133432000","134200000","135147000","136100000","137060000","138027000","139010000","139941000","140823000","141668000","142745000","143858000","144894000","145908000","146857000","147721000","148292000","148624000","148689000","148520000","148336000","148375726","148160042","147915307","147670692","147214392","146596557","145976083","145306046","144648257","144067054","143518523","143049528","142805088","142742350","142785342","142849449","142960868","143201676","143506911","143819666","144096870","144342396","144496740","144478050",
"Российская Федерация","RUS","Рост населения (в % в год)","SP.POP.GROW","1.46949650144532","1.11060183638626","1.11145521122451","1.11053215737069","1.11110025764706","1.11072584654368","0.568815874401956","0.569499004627627","0.5693766257186","0.569238017722672","0.569083468255144","0.574250600262548","0.57324610343637","0.574501349565654","0.573468037351157","0.573923976270934","0.703185038023715","0.70268347396018","0.702887650025717","0.703053203604969","0.709655479527404","0.667503222289735","0.628287744424107","0.598250932058307","0.757352967626051","0.776688028447148","0.717573866435774","0.697384550046896","0.648303809439665","0.586603532881112","0.385794345665368","0.223632366302237","0.0437249639508604","-0.113724697579415","-0.123965844425279","0.0267775060816902","-0.145469155029265","-0.165319440855875","-0.165511936742255","-0.309476734460824","-0.420566975310993","-0.424151028076189","-0.460061304902853","-0.453719859743564","-0.402613760305718","-0.381473696224401","-0.327318706386192","-0.171024042221983","-0.0439422615372963","0.0301140670621249","0.0448873898392816","0.0779670984684485","0.168301590750173","0.212923595008292","0.217700100552035","0.192558641823423","0.17024454590112","0.106871954284237","-0.0129353844507104",
"Российская Федерация","RUS","Коэффициент рождаемости, общий (количество рождений на одну женщину)","SP.DYN.TFRT.IN","2.52","2.45","2.36","2.27","2.18","2.13","2.1","2.04","1.99","1.97","1.99","2.03","2.04","2.01","2","1.98","1.97","1.95","1.92","1.9","1.89","1.91","2.04","2.11","2.06","2.05","2.15","2.22","2.12","2.01","1.892","1.732","1.552","1.385","1.4","1.337","1.27","1.218","1.232","1.157","1.195","1.223","1.286","1.32","1.344","1.294","1.305","1.416","1.502","1.542","1.567","1.582","1.691","1.707","1.75","1.777","1.762","1.762","",
"Российская Федерация","RUS","Ожидаемая продолжительность жизни при рождении, общая (в годах)","SP.DYN.LE00.IN","66.0552926829268","66.5970243902439","67.0214146341464","67.3399024390244","67.566512195122","67.7188536585366","67.812512195122","67.8601463414634","67.8743414634146","67.8671219512195","68.1336585365854","68.3765853658537","68.3085365853659","68.2946341463415","68.320243902439","67.7239024390244","67.4875609756098","67.3763414634146","67.3909756097561","67.1143902439024","67.0339024390244","67.2639024390244","67.8060975609756","67.6526829268293","67.2026829268293","67.8568292682927","69.389756097561","69.44","69.4643902439024","69.1717073170732","68.8860975609756","68.4743902439024","66.8731707317073","64.9358536585366","64.4670731707317","64.6907317073171","65.8541463414634","66.6987804878049","67.029756097561","65.9821951219512","65.4836585365854","65.3834146341463","65.1287804878049","65.0478048780488","65.4709756097561","65.529756097561","66.7275609756098","67.5868292682927","67.9492682926829","68.6846341463415","68.8412195121951","69.6839024390244","70.0721951219512","70.5787804878049","70.7436585365854","71.1834146341463","71.6512195121951","72.1190243902439","",
"Российская Федерация","RUS","Коэффициент младенческой смертности (на 1000 живорожденных)","SP.DYN.IMRT.IN","","","","","","","","","","","31.1","29.9","28.8","27.7","26.7","25.9","25.2","24.6","24.1","23.6","23.2","22.7","22.4","22","21.6","21.1","20.5","19.9","19.2","18.7","18.4","18.3","18.4","18.6","18.7","18.6","18.4","18.1","17.7","17.2","16.5","15.7","14.7","13.7","12.8","11.8","11","10.2","9.6","9.2","8.9","8.6","8.4","8.1","7.7","7.3","6.9","6.5","6.1",
"Российская Федерация","RUS","Уровень использования контрацептивов (в % женщин в возрасте от 15 до 49 лет)","SP.DYN.CONU.ZS","","","","","","","","","","","","","","","","","","","","","","","","","","","","","","","","","","62.5","66.8","63.4","65.3","","","","","","","","68.5","","","63.2","","","64.9","68","","","","","","","",
"Российская Федерация","RUS","Коэффициент рождаемости среди подростков (количество рождений на 1000 женщин в возрасте от 15 до 19 лет)","SP.ADO.TFRT","27.8518","28.1344","28.417","28.0364","27.6558","27.2752","26.8946","26.514","27.6366","28.7592","29.8818","31.0044","32.127","33.626","35.125","36.624","38.123","39.622","40.7534","41.8848","43.0162","44.1476","45.279","46.0596","46.8402","47.6208","48.4014","49.182","49.71","50.238","50.766","51.294","51.822","48.4678","45.1136","41.7594","38.4052","35.051","33.5634","32.0758","30.5882","29.1006","27.613","28.019","28.425","28.831","29.237","29.643","28.9984","28.3538","27.7092","27.0646","26.42","25.2758","24.1316","22.9874","21.8432","20.699","",
"Российская Федерация","RUS","Чистая миграция","SM.POP.NETM","","","-1387844","","","","","-549722","","","","","-296861","","","","","614394","","","","","1100559","","","","","890253","","","","","2490121","","","","","2374657","","","","","1778101","","","","","2326672","","","","","1800600","","","","","912279","",
"Российская Федерация","RUS","Безработица, общая (в % от всей рабочей силы)","SL.UEM.TOTL.ZS","","","","","","","","","","","","","","","","","","","","","","","","","","","","","","","","5.07000017166138","5.18100023269653","5.88299989700317","8.13099956512451","9.44900035858154","9.66499996185303","11.8129997253418","13.2609996795654","13.03600025177","10.581000328064","8.97799968719482","7.875","8.21000003814697","7.76300001144409","7.12400007247925","7.05499982833862","6.0019998550415","6.20499992370605","8.30099964141846","7.36899995803833","6.53599977493286","5.43599987030029","5.45800018310547","5.15999984741211","5.57100009918213","5.55900001525879","5.21199989318848","4.74399995803833",
"Российская Федерация","RUS","Индекс численности бедных при национальной черте бедности (в % населения)","SI.POV.NAHC","","","","","","","","","","","","","","","","","","","","","","","","","","","","","","","","","","","","","","","","","29","","24.6","20.3","17.6","17.8","15.2","13.3","13.4","13","12.5","12.7","10.7","10.8","11.2","13.3","13.3","13.2","12.9",
"Российская Федерация","RUS","Индекс Джини","SI.POV.GINI","","","","","","","","","","","","","","","","","","","","","","","","","","","","","","","","","","48.4","","","46.1","38.4","38.1","37.4","37.1","36.9","37.3","40","40.3","41.3","41","42.3","41.6","39.8","39.5","39.7","40.7","40.9","39.9","37.7","","","",
"Российская Федерация","RUS","Индекс численности бедных при черте 1,90 долл. США в день (ППС) (в % населения)","SI.POV.DDAY","","","","","","","","","","","","","","","","","","","","","","","","","","","","","","","","","","2.4","","","3.6","1.1","1.7","3.4","2.2","1.3","0.7","0.8","0.7","0.5","0.3","0.1","0.1","0","0.1","0","0","0","0","0","","","",
"Российская Федерация","RUS","Доля доходов нижних 20%","SI.DST.FRST.20","","","","","","","","","","","","","","","","","","","","","","","","","","","","","","","","","","4.4","","","4.5","6.3","6.2","6.3","6.4","6.6","6.6","6.1","6","5.8","5.9","5.8","6.1","6.4","6.4","6.5","6.3","6.4","6.6","6.9","","","",
"Российская Федерация","RUS","Уровень недоедания, вес для возрастной категории (в % детей в возрасте до пяти лет)","SH.STA.MALN.ZS","","","","","","","","","","","","","","","","","","","","","","","","","","","","","","","","","","","","","","","","","","","","","","","","","","","","","","","","","","","",
"Российская Федерация","RUS","Родовспоможения квалифицированным медицинским персоналом (в % от общего числа)","SH.STA.BRTC.ZS","","","","","","","","","","","","","","","","","","","","","","","","","","","","","","99.2","99.2","99.2","99.1","99.1","99.1","99.1","99.1","99.1","99.1","99.1","99.2","99.3","99.3","99.4","99.3","99.4","99.5","99.6","99.6","99.7","99.7","98.7","99.7","99.7","99.7","","","","",
"Российская Федерация","RUS","Иммунизация, корь (в % детей в возрасте от 12 до 23 месяцев)","SH.IMM.MEAS","","","","","","","","","","","","","","","","","","","","","","","","","","","","","","","","","83","88","81","85","88","91","94","97","97","97","98","98","98","99","99","99","99","98","98","98","98","98","98","98","98","98","98",
"Российская Федерация","RUS","Коэффициент детской смертности в возрасте до пяти лет (на 1000 живорожденных)","SH.DYN.MORT","","","","","","","","","","","38.2","36.6","35","33.5","32.2","31.1","30.2","29.4","28.8","28.2","27.6","27.1","26.6","26.1","25.5","24.9","24.2","23.4","22.6","22","21.6","21.5","21.6","21.8","21.9","21.8","21.5","21.2","20.7","20.1","19.3","18.3","17.2","16","14.8","13.7","12.8","11.9","11.2","10.7","10.3","10.1","9.8","9.5","9","8.5","8","7.6","7.2",
"Российская Федерация","RUS","Коэффициент распространенности ВИЧ, общий (в % населения в возрасте от 15 до 49 лет)","SH.DYN.AIDS.ZS","","","","","","","","","","","","","","","","","","","","","","","","","","","","","","","","","","","","","","","","","","","","","","","","","","","","","","","","","","","",
"Российская Федерация","RUS","Государственные расходы на образование, совокупные (в % ВВП)","SE.XPD.TOTL.GD.ZS","","","","","","","","","","","","","","","","","","","","","","","","","","","","","","","","","","","","","","","","","2.93981003761292","3.10601997375488","3.8390200138092","3.67853999137878","3.54786992073059","3.77192997932434","3.86626005172729","","4.10174989700317","","","","3.78973007202148","","","3.82025003433228","","","",
"Российская Федерация","RUS","Коэффициент зачисления в средние учебные заведения (в % от всех зачисленных)","SE.SEC.ENRR","","","","","","","","","","","","92.8627166748047","","","","","96.2741165161133","","","","","97.9592895507813","","","","","100.023902893066","100.224311828613","99.9813003540039","98.5925827026367","97.6154403686523","96.1306686401367","94.2120208740234","91.9961624145508","90.6954574584961","91.0689163208008","91.4106597900391","91.2535400390625","92.0509033203125","92.3803863525391","","","","91.5306091308594","85.343017578125","82.9419708251953","82.7454223632813","83.0528564453125","83.2848510742188","84.9694595336914","","92.0496520996094","96.1611328125","98.7996673583984","100.532867431641","104.39720916748","104.80770111084","","",
"Российская Федерация","RUS","Коэффициент зачисления в начальные учебные заведения (в % от всех зачисленных)","SE.PRM.ENRR","","","","","","","","","","","","104.640922546387","101.474113464355","99.9852981567383","99.0155487060547","98.9689025878906","99.9916763305664","101.930557250977","104.316513061523","105.751190185547","105.854637145996","103.056449890137","102.523468017578","101.811546325684","102.223930358887","103.714477539063","104.925437927246","107.56713104248","108.518898010254","107.918792724609","107.924697875977","110.291893005371","110.400382995605","109.440330505371","107.128189086914","107.811279296875","108.416328430176","106.26685333252","103.709167480469","102.925773620605","102.786682128906","106.092903137207","113.966400146484","121.085838317871","","95.2710418701172","95.0487594604492","95.706901550293","97.5375137329102","99.2288513183594","","100.927772521973","101.194221496582","100.26643371582","98.6529312133789","100.681777954102","102.076332092285","","",
"Российская Федерация","RUS","Коэффициент завершенного начального образования, общий (в % населения соответствующей возрастной группы)","SE.PRM.CMPT.ZS","","","","","","","","","","","","","","","","","","","","","","","","","","","","","","","","","","","94.0352096557617","92.0879669189453","","","","90.2416305541992","90.4328689575195","92.2767181396484","","","","","","90.7307510375977","93.3153762817383","98.2965393066406","","96.9103622436523","97.9548110961914","100.493148803711","100.397827148438","101.217247009277","97.8765869140625","","",
"Российская Федерация","RUS","Соотношение девочек и мальчиков в начальной и средней школе (в %)","SE.ENR.PRSC.FM.ZS","","","","","","","","","","","","","","","","","","","","","","","","","","","","","","","","","","","1.01507997512817","","","","","","","","","0.99931001663208","","0.993110001087189","0.991209983825684","0.988070011138916","0.985140025615692","0.990779995918274","","0.991919994354248","0.991630017757416","0.993070006370544","0.990239977836609","0.990409970283508","0.993070006370544","","",
"Российская Федерация","RUS","Уровень грамотности, общий взрослого населения (в % населения в возрасте от пятнадцати лет и старше)","SE.ADT.LITR.ZS","","","","","","","","","","","","","","","","","","","","","","","","","","","","","","97.9860534667969","","","","","","","","","","","","","99.4409713745117","","","","","","","","99.6842727661133","","","","","","","","",
"Российская Федерация","RUS","ВНД на душу населения, ППС (в текущих международных долларах)","NY.GNP.PCAP.PP.CD","","","","","","","","","","","","","","","","","","","","","","","","","","","","","","","7990","7820","6790","6350","5710","5570","5440","5580","5230","5680","6650","7260","7880","8970","10010","11540","14480","16280","19600","18760","19860","23590","25000","25330","24900","23400","23410","25080","26470",
"Российская Федерация","RUS","ВНД на душу населения, метод «Атлас» (в текущих долларах США)","NY.GNP.PCAP.CD","","","","","","","","","","","","","","","","","","","","","","","","","","","","","","","","3440","3080","2920","2650","2640","2600","2650","2130","1750","1710","1780","2100","2590","3410","4450","5810","7560","9580","9230","9980","11070","13480","15210","14650","11770","9750","9230","10230",
"Российская Федерация","RUS","ВНД, ППС (в текущих международных долларах)","NY.GNP.MKTP.PP.CD","","","","","","","","","","","","","","","","","","","","","","","","","","","","","","","1185499984952.64","1162876049776.22","1009370507637.28","943265770983.622","847068955685.16","825774532786.837","806188098250.186","825014123129.648","771913154282.21","836383725949.028","974629347999.371","1059732532867.18","1145642785078.87","1297685806670.6","1441505984835.48","1655585941894.52","2071121854636.68","2324721058626.26","2797649362802.82","2678612246973.08","2836588884248.56","3373072144878.87","3579360949693.82","3635166063636.87","3637938277083.81","3425169707911.52","3433083740516.52","3682841546246.9","3949825983067.01",
"Российская Федерация","RUS","ВНД, метод «Атлас» (в текущих долларах США)","NY.GNP.ATLS.CD","","","","","","","","","","","","","","","","","","","","","","","","","","","","","","","","510749676619.835","458309304013.994","433096140707.009","393237319280.147","392144555903.959","385879877366.037","391429217789.632","314756842778.829","258145931660.388","250287501472.868","259632878911.934","305720879877.113","373993265549.168","490862053321","638631982987.725","830471326806.393","1079920059317.21","1367974189288.97","1318479474182.64","1425184275218.91","1582624168561.59","1929731181477.48","2182084808808.03","2140101323664.69","1722910977217.61","1429803425469.22","1354640420555.58","1501659092519.94",
"Российская Федерация","RUS","ВВП на душу населения, ППС (в текущих международных долларах)","NY.GDP.PCAP.PP.CD","","","","","","","","","","","","","","","","","","","","","","","","","","","","","","","8010.38189289038","7845.75729463895","6855.50269874725","6416.87020340404","5737.19387068734","5613.28295492244","5517.86212993559","5699.94969819124","5465.05976670673","5914.3414892284","6825.40603759493","7361.38379952194","8037.49948207895","9254.56029742868","10226.7847523037","11822.3709000989","14912.2452959989","16648.2446710673","20163.6116757271","19389.9421268072","20490.1294447295","24310.043965548","25784.5671588395","26240.2745047903","25751.5141372688","24061.0993654187","24072.2779258979","25766.9288144165","27147.3335822451",
"Российская Федерация","RUS","ВВП на душу населения (в текущих долларах США)","NY.GDP.PCAP.CD","","","","","","","","","","","","","","","","","","","","","","","","","","","","","3777.2353728423","3428.76215270861","3485.11230559947","3485.05600012759","3095.6597791412","2929.46211857553","2663.3945990755","2665.78096295114","2643.93074851111","2737.57302340505","1834.86298596367","1330.76070681278","1771.59782952435","2100.35825266321","2377.53695684392","2975.13277835871","4102.37229354976","5323.47387656258","6920.194397836","9101.25670609495","11635.2742379959","8562.81369694433","10674.9972024225","14351.2120537731","15434.5747807082","16007.089993444","14100.7291028658","9313.78754166624","8745.37511648808","10750.5871197198","11288.8724435206",
"Российская Федерация","RUS","Рост ВВП (в % в год)","NY.GDP.MKTP.KD.ZG","","","","","","","","","","","","","","","","","","","","","","","","","","","","","","","-2.99999564223592","-5.04693945131061","-14.5310737738444","-8.66854034138854","-12.5697559796453","-4.14352840571524","-3.75506943922042","1.39991580480373","-5.29996162537853","6.39991468992147","10.0000668155913","5.1000512252555","4.6999919088552","7.29995234441543","7.19994786995612","6.39996544796088","8.20006825497283","8.49997776839115","5.19996926505047","-7.79999391338745","4.49999999999997","4.30002918571843","3.70005705515455","1.80000014017688","0.699999429699687","-2.30773350532326","0.32928233248073","1.63019594439062","2.2548400528962",
"Российская Федерация","RUS","ВВП (в текущих долларах США)","NY.GDP.MKTP.CD","","","","","","","","","","","","","","","","","","","","","","","","","","","","","554713455149.502","506500173960.269","516814274021.956","517962962962.963","460290556900.726","435083713850.837","395077301248.464","395537185734.854","391724890744.498","404928954191.876","270955486862.442","195907128350.934","259710142196.943","306602070620.5","345470494417.863","430347770733.155","591016690742.937","764017107993.346","989930542278.684","1299705764824.48","1660846387626","1222644282200.48","1524917468442.6","2051661732059.47","2210256976944.74","2297128039058.16","2059984158384.6","1363594369511.4","1282723881083.71","1578624060588.26","1657553765580.67",
"Российская Федерация","RUS","Инфляция, дефлятор ВВП (в % в год)","NY.GDP.DEFL.KD.ZG","","","","","","","","","","","","","","","","","","","","","","","","","","","","","","","15.9029112572744","128.629771683172","1490.41842486189","887.840736220875","307.298056894407","144.006867164353","46.0363776696506","15.0585036432435","18.5389673403435","72.3866054686084","37.6979282098814","16.4796193575247","15.6619063057768","13.6571368151882","20.2551495760872","19.2794321341242","15.120406629925","13.841239239605","18.0135183346795","1.97061260308993","14.1911095684693","24.8090325035564","9.03948235061598","5.39417357500041","7.34957015734501","7.58769171456134","3.17422437654436","5.35934131397869","10.2972091284009",
"Российская Федерация","RUS","Промышленность, добавленная стоимость (в % ВВП)","NV.IND.TOTL.ZS","","","","","","","","","","","","","","","","","","","","","","","","","","","","","","46.5968586387435","45.0035703197765","45.8648552020021","42.2502714360863","40.5255052183546","41.2152926729431","34.5391926383218","35.3467042522777","34.6892270441073","33.9440292391723","33.4962012517122","33.91897031752","31.8373541233321","29.0563928119662","28.6531349938639","31.7022224263928","32.6292320727984","31.7802605872443","31.2220408024416","30.7868816997615","29.3269390259863","29.9995882181331","29.258549350796","29.2562869848543","28.2052082903105","28.066297366559","29.887377747331","29.4616959067986","30.4717020884627","32.066107125981",
"Российская Федерация","RUS","Сельское хозяйство, добавленная стоимость (в % ВВП)","NV.AGR.TOTL.ZS","","","","","","","","","","","","","","","","","","","","","","","","","","","","","","15.6020942408377","15.4610369450481","13.7718984626385","7.2633640189374","7.55720377820535","6.10956103151862","6.69223108273929","6.54937524189732","5.86976214443115","5.10339314799118","6.58064760911948","5.75171562849956","5.87572156767964","5.56571375282766","5.50294605200582","4.90444194788976","4.25591600591054","3.86131247121953","3.77890170628112","3.75334118813215","4.08444869720983","3.34389824902782","3.3857791364402","3.20011674487102","3.16054866362971","3.35987583253205","3.86879879439463","3.85075254319816","3.55079983878968","3.14664706134314",
"Российская Федерация","RUS","Импорт товаров и услуг (в % ВВП)","NE.IMP.GNFS.ZS","","","","","","","","","","","","","","","","","","","","","","","","","","","","","","21.0122164048866","17.9447376591121","12.9853414372542","48.2546028406102","30.4938487551746","23.1953336062219","25.8938941161638","21.8495126891282","22.527079880846","24.5510478117966","26.1733129859875","24.0334657318409","24.2173650683869","24.432851668898","23.8782872312025","22.1639613425501","21.5101825250986","21.002926423212","21.5420622610389","22.0729057073058","20.4969598237948","21.1399447023205","19.9241768817446","20.2261070957739","20.4003902447295","20.6827897109061","20.6432920767645","20.5652079728668","20.7087088808965","20.769322518279",
"Российская Федерация","RUS","Валовое накопление капитала (в % ВВП)","NE.GDI.TOTL.ZS","","","","","","","","","","","","","","","","","","","","","","","","","","","","","27.2693243496163","33.8394415357766","30.1303942874884","36.2674293886307","34.6133613887428","27.0071715934931","25.5374539500614","25.4388784044713","23.6674001136852","21.9763894687502","14.9641222334913","14.8303000466388","18.6937601947688","21.9498173349418","20.0295461890033","20.8589584801947","20.9012750793613","20.0774969175064","21.1715918032689","24.1645140335948","25.5012197086677","18.9263757356157","22.6150505520136","24.4447229253422","24.5440829289918","23.1299043742323","22.6208486287454","22.3882973533458","23.5342524706398","24.0921555654585","22.7302219698247",
"Российская Федерация","RUS","Экспорт товаров и услуг (в % ВВП)","NE.EXP.GNFS.ZS","","","","","","","","","","","","","","","","","","","","","","","","","","","","","","21.9022687609075","18.1620614715927","13.2713621737576","62.3224618621778","38.2045944842866","27.7583790421613","29.2890113495619","26.0729881302908","24.7298415292289","31.22120547318","43.2199685128244","44.0604413055146","36.8934935960337","35.2125940630626","35.2499817748679","34.4178910548453","35.2030659645854","33.7304754438513","30.1640604846984","31.3095603335459","27.9381012043276","29.2155607850275","27.976923098045","26.8834449592467","25.7929650488237","27.1013291787849","28.7072623228252","25.7371444411858","26.0520617365331","30.7411349729631",
"Российская Федерация","RUS","Расходы на оборону (в % ВВП)","MS.MIL.XPND.GD.ZS","","","","","","","","","","","","","","","","","","","","","","","","","","","","","","","","","4.42703232125367","4.18132464712269","4.5237006553879","3.78442996742671","3.75655882080282","4.03980929678188","2.73264908865687","3.07328792235108","3.30702983667541","3.54631922908818","3.75627739108018","3.67083808960104","3.30035364660483","3.33010319224077","3.24525437911028","3.11748733309073","3.14841162292025","3.92273249441802","3.58385905817709","3.42344793265044","3.68596867256715","3.84623273201621","4.10418221281141","4.86275810199369","5.45240651020108","4.23340736959348","3.92951108949691",
"Российская Федерация","RUS","Количество абонентов мобильной сотовой связи (на 100 человек)","IT.CEL.SETS.P2","0","","","","","0","","","","","0","","","","","0","0","0","0","0","0","0","0","0","0","0","0","0","0","0","0","0.000202709","0.00404671","0.006739744","0.018701789","0.059723075","0.150655806","0.328222391","0.507028324","0.932935006","2.228887102","5.314723089","12.12593129","24.98783944","51.16733273","83.52351405","105.0701387","119.4978199","139.2838126","160.5071896","165.6610167","141.7866096","144.4957561","151.2556334","152.7878864","156.7665611","157.718498","156.187408","157.431312",
"Российская Федерация","RUS","Время, необходимое для создания предприятия (в днях)","IC.REG.DURS","","","","","","","","","","","","","","","","","","","","","","","","","","","","","","","","","","","","","","","","","","","","","","","","","","","","","","13.2","11.5","10.8","10.1","10.1","10.1",
"Российская Федерация","RUS","Индекс легкости ведения бизнеса (1 – наиболее благоприятствующие ведению бизнеса правила)","IC.BUS.EASE.XQ","","","","","","","","","","","","","","","","","","","","","","","","","","","","","","","","","","","","","","","","","","","","","","","","","","","","","","","","","","","31",
"Российская Федерация","RUS","Индекс человеческого капитала, максимальное значение, Мужчины (шкала от 0 до 1)","HD.HCI.OVRL.UB.MA","","","","","","","","","","","","","","","","","","","","","","","","","","","","","","","","","","","","","","","","","","","","","","","","","","","","","","","","","","0.732","",
"Российская Федерация","RUS","Индекс человеческого капитала, максимальное значение, Женщины (шкала от 0 до 1)","HD.HCI.OVRL.UB.FE","","","","","","","","","","","","","","","","","","","","","","","","","","","","","","","","","","","","","","","","","","","","","","","","","","","","","","","","","","0.815","",
"Российская Федерация","RUS","Индекс человеческого капитала, максимальное значение (шкала от 0 до 1)","HD.HCI.OVRL.UB","","","","","","","","","","","","","","","","","","","","","","","","","","","","","","","","","","","","","","","","","","","","","","","","","","","","","","","","","","0.771","",
"Российская Федерация","RUS","Индекс человеческого капитала, Мужчины (шкала от 0 до 1)","HD.HCI.OVRL.MA","","","","","","","","","","","","","","","","","","","","","","","","","","","","","","","","","","","","","","","","","","","","","","","","","","","","","","","","","","0.679","",
"Российская Федерация","RUS","Индекс человеческого капитала, минимальное значение, Мужчины (шкала от 0 до 1)","HD.HCI.OVRL.LB.MA","","","","","","","","","","","","","","","","","","","","","","","","","","","","","","","","","","","","","","","","","","","","","","","","","","","","","","","","","","0.626","",
"Российская Федерация","RUS","Индекс человеческого капитала, минимальное значение, Женщины (шкала от 0 до 1)","HD.HCI.OVRL.LB.FE","","","","","","","","","","","","","","","","","","","","","","","","","","","","","","","","","","","","","","","","","","","","","","","","","","","","","","","","","","0.742","",
"Российская Федерация","RUS","Индекс человеческого капитала, минимальное значение (шкала от 0 до 1)","HD.HCI.OVRL.LB","","","","","","","","","","","","","","","","","","","","","","","","","","","","","","","","","","","","","","","","","","","","","","","","","","","","","","","","","","0.682","",
"Российская Федерация","RUS","Индекс человеческого капитала,  Женщины (шкала от 0 до 1)","HD.HCI.OVRL.FE","","","","","","","","","","","","","","","","","","","","","","","","","","","","","","","","","","","","","","","","","","","","","","","","","","","","","","","","","","0.783","",
"Российская Федерация","RUS","Индекс человеческого капитала (шкала от 0 до 1)","HD.HCI.OVRL","","","","","","","","","","","","","","","","","","","","","","","","","","","","","","","","","","","","","","","","","","","","","","","","","","","","","","","","","","0.729","",
"Российская Федерация","RUS","Доходы исключая гранты (в % ВВП)","GC.REV.XGRT.GD.ZS","","","","","","","","","","","","","","","","","","","","","","","","","","","","","","","","","","","20.9128121162505","21.2521038351454","","","19.0686269476651","20.7640372376747","24.5768673471093","27.136519701546","31.7231522090393","27.5844466691557","26.8498866830602","30.2838575607505","28.693547640301","31.3283580889608","33.6813498942365","25.5040179726722","26.0541569437881","29.0667909012976","27.2135317877976","26.4877181443053","27.141952192839","24.4700141961664","24.2116568653655","24.3717508222418","",
"Российская Федерация","RUS","Долг центрального правительства, совокупный (в % ВВП)","GC.DOD.TOTL.GD.ZS","","","","","","","","","","","","","","","","","","","","","","","","","","","","","","","","","","","","","","","143.948999533393","100.744137724205","62.1488888669576","48.9836153351704","41.3527168644107","","","16.6608684475462","9.89107286043083","7.15843011662235","6.4952874378852","8.69786633509383","9.09810564474716","8.61692283713177","8.54382076495574","9.04888217925219","11.1964258620011","13.5396406248923","14.1758237486197","","",
"Российская Федерация","RUS","Расходы на научные исследования и опытно-конструкторские разработки (в % ВВП)","GB.XPD.RSDV.GD.ZS","","","","","","","","","","","","","","","","","","","","","","","","","","","","","","","","","","","","","0.96593","1.04374","0.95384","0.99624","1.04984","1.17694","1.24782","1.28603","1.15133","1.06797","1.07294","1.11611","1.04435","1.25192","1.1302","1.01261","1.02675","1.02524","1.07011","1.09689","1.09557","","",
"Российская Федерация","RUS","Инфляция, потребительские цены (в % в год)","FP.CPI.TOTL.ZG","","","","","","","","","","","","","","","","","","","","","","","","","","","","","","","","","","874.245720380188","307.722635553193","197.414268084251","47.7520122009939","14.761329268806","27.6856798076743","85.7464940960636","20.7987606558703","21.4770072117159","15.7887307914462","13.6632930228667","10.8886157326216","12.6853039507349","9.66865454789265","9.00729868861076","14.1107677840442","11.6473295764118","6.8493923025503","8.44046485932559","5.0747430079915","6.75466833903486","7.8201697001385","15.5343959935701","7.0424372541371","3.68333072334493","2.87831382614987",
"Российская Федерация","RUS","Годовое потребление пресной воды, совокупное (в % внутренних ресурсов)","ER.H2O.FWTL.ZS","","","","","","","","","","","","","","","","","","","","","","","","","","","","","","","","","","","","","","1.78803339517625","","","","","1.53525046382189","","","","","","","","","","","","1.41465677179963","","","","",
"Российская Федерация","RUS","Выбросы CO2 (в метрических тоннах на душу населения)","EN.ATM.CO2E.PC","","","","","","","","","","","","","","","","","","","","","","","","","","","","","","","","","13.9799735420912","13.0517497508753","11.4495360802502","10.9955584581268","10.8866506665812","10.3167892488639","10.1272991664453","10.4006827063484","10.6271205332605","10.6696034034562","10.7159010231412","11.0906474801145","11.1206269755471","11.2535286682124","11.6691220679875","11.6724565724157","12.0145065077043","11.0238562302845","11.6943481245069","12.3348810039402","12.7849790249662","12.3935564747819","11.8575277737052","","","","",
"Российская Федерация","RUS","Потребление энергии (в кг нефтяного эквивалента на душу населения)","EG.USE.PCAP.KG.OE","","","","","","","","","","","","","","","","","","","","","","","","","","","","","","","5928.66098643217","5861.15802965874","5351.07707362347","5057.77884460005","4428.81420558732","4290.69523137498","4252.61411575464","4069.68877805189","3981.50194894462","4136.76193425436","4224.28618838572","4288.39435292972","4288.2071610427","4461.31645402405","4493.69538714938","4540.91736298039","4688.39459575148","4709.84574443174","4823.12653532746","4531.28668487554","4819.04142311392","5049.4280434839","5167.011976871","5078.62931423561","4942.87551745531","","","","",
"Российская Федерация","RUS","Потребление электроэнергии (в кВтч на душу населения)","EG.USE.ELEC.KH.PC","","","","","","","","","","","","","","","","","","","","","","","","","","","","","","","6673.17859358563","6541.17100871999","6107.4793696911","5724.09103151091","5190.72915543091","5101.55549297868","5016.44701207631","4935.62170681902","4848.03037287859","4998.83870049879","5198.41676772804","5274.37772117779","5304.43172337096","5478.14413000497","5633.8557460889","5770.11233595262","6098.53812310377","6286.0505362386","6399.68446645302","6095.3805748492","6409.89521772674","6485.76084470892","6617.13624077975","6539.21120216991","6602.65752529282","","","","",
"Российская Федерация","RUS","Совокупное обслуживание долга (в % экспорта товаров, услуг и первичного дохода)","DT.TDS.DECT.EX.ZS","","","","","","","","","","","","","","","","","","","","","","","","","","","","","","","","","","","4.37524946262674","6.33164963097484","6.81739112907681","6.73682054051216","11.9403383818957","14.2615464725866","10.0849071171994","14.3120967481448","10.8032279601964","13.7302805985854","9.36146262490913","14.1931979949332","13.2014855472473","8.68814450226536","13.850341613981","24.2150455665264","11.6105921214783","7.24533647742146","7.85316580531965","7.99099784583578","14.4848656976445","23.3605378399783","19.040074378606","26.0038542201714","",
"Российская Федерация","RUS","Полученная чистая официальная помощь для целей развития (в текущих долларах США)","DT.ODA.ODAT.CD","","","","","","","","","","","","","","","","","","","","","","","","","","","","","","","","","","","","","","","","","","","","","","","","","","","","","","","","","","","",
"Российская Федерация","RUS","Сумма внешнего долга, совокупная (непогашенная задолженность по предоставленным кредитам, в текущих долларах США)","DT.DOD.DECT.CD","","","","","","","","","","","0","0","0","0","0","0","0","0","0","0","0","0","0","0","0","0","0","0","0","0","0","0","79649911011.6","112440407743.2","122341233099.3","122049311736.6","126999393816.3","128143868208","175719267829","180043060834.5","146665107929.8","141151650545.7","138446858475.7","185905051377.9","214206935067.3","249832035581","311265306723.7","416308041281.2","419280876943.6","406431159699.8","417851994642.8","544318125577.8","591795805719.5","668468551019.5","549602773774.9","467699345449.2","525649692067.4","492763094324.6","",
"Российская Федерация","RUS","Рыночная капитализация котирующихся компаний (в % ВВП)","CM.MKT.LCAP.GD.ZS","","","","","","","","","","","","","","","","","","","","","","","","","","","","","","","","","","","","","","","","","","","","","","","","","","62.3023344638759","62.3834135083755","38.1912260562302","37.3413806000457","33.5487011127153","18.7344489242401","28.8383238294613","48.4945779694235","39.4916633772634","34.7570227864178",
"Российская Федерация","RUS","Личные переводы, полученные (в текущих долларах США)","BX.TRF.PWKR.CD.DT","","","","","","","","","","","","","","","","","","","","","","","","","","","","","","","","","","","4563000000","165900000","101500000","226750000","301170000","425210000","499950000","986410000","935980000","1113700000","2206750000","3436560000","3820380000","4666330000","5736970000","5105060000","5250020000","6103270000","5787730000","6750810000","7776540000","6903390000","6688670000","8235000000","8610210000",
"Российская Федерация","RUS","Прямые иностранные инвестиции, чистый приток (ПБ, в текущих долларах США)","BX.KLT.DINV.CD.WD","","","","","","","","","","","","","","","","","","","","","","","","","","","","","","","","","1161000000","1211000000","690000000","2065000000","2579000000","4864643273.37943","2761260000","3309430000","2678030000","2847300000","3473830000","7928630000","15402990000","15508050000","37594770000","55873680000","74782910000","36583100000","43167780000","55083630000","50587560000","69218890000","22031340000","6852970000","32538900000","28557440000","8784850000",
"Российская Федерация","RUS","Площадь (в кв. км)","AG.SRF.TOTL.K2","","17098240","17098240","17098240","17098240","17098240","17098240","17098240","17098240","17098240","17098240","17098240","17098240","17098240","17098240","17098240","17098240","17098240","17098240","17098240","17098240","17098240","17098240","17098240","17098240","17098240","17098240","17098240","17098240","17098240","17098240","17098240","17098240","17098240","17098240","17098240","17098240","17098240","17098240","17098240","17098240","17098240","17098240","17098240","17098240","17098240","17098240","17098240","17098240","17098240","17098250","17098250","17098250","17098250","17098250","17098250","17098250","17098250","17098250",
"Российская Федерация","RUS","Леса (в кв. км)","AG.LND.FRST.K2","","","","","","","","","","","","","","","","","","","","","","","","","","","","","","","8089500","8089500","8090136.25","8090455","8090773.125","8091091.875","8091410.625","8091729.375","8092047.5","8092366.25","8092685","8091728.125","8090771.25","8089813.75","8088856.875","8087900","8100591.25","8113282.5","8125973.75","8138665","8151356.25","8150945.625","8150535.625","8150125.625","8149715","8149305","8148895","","",
"Российская Федерация","RUS","Сельскохозяйственная земля (в % от территории)","AG.LND.AGRI.ZS","","","","","","","","","","","","","","","","","","","","","","","","","","","","","","","","","13.5223719413421","13.3524103848487","13.2901907232197","13.2125399459531","13.1952331059546","13.3093386817595","13.2643318906314","13.2281702241387","13.2566688683588","13.2390216624218","13.2257977869402","13.2029341345878","13.1846021330511","13.1661598924145","13.1573709193088","13.1558444571717","13.1584362579663","13.1557495418844","13.0642790716419","13.1069001585773","13.0885816398372","13.2406253453804","13.2944703414022","13.2944703414022","13.2944703414022","","",
